{
  "skins": [
    {
      "localization_name": "hero",
      "geometry": "geometry.humanoid.custom",
      "texture": "hero.png",
      "animations": {
          "humanoid_base_pose": "animation.wither_skeleton.attack",
          "attack.positions": "animation.wither_skeleton.attack",
          "attack.rotations": "animation.wither_skeleton.attack"
        },
      "type": "free"
    },
    {
      "localization_name": "ASimpleZombie",
      "geometry": "geometry.humanoid.custom",
      "texture": "1.PNG",
      "animations": {
          "humanoid_base_pose": "animation.wither_skeleton.attack",
          "attack.positions": "animation.wither_skeleton.attack",
          "attack.rotations": "animation.wither_skeleton.attack"
        },
      "type": "free"
    },
    {
      "localization_name": "ASimpleHusk",
      "geometry": "geometry.humanoid.custom",
      "texture": "2.PNG",
      "animations": {
          "humanoid_base_pose": "animation.wither_skeleton.attack",
          "attack.positions": "animation.wither_skeleton.attack",
          "attack.rotations": "animation.wither_skeleton.attack"
        },
      "type": "free"
    },
    {
      "localization_name": "ASimplePigman",
      "geometry": "geometry.humanoid.custom",
      "texture": "3.PNG",
      "animations": {
          "humanoid_base_pose": "animation.wither_skeleton.attack",
          "attack.positions": "animation.wither_skeleton.attack",
          "attack.rotations": "animation.wither_skeleton.attack"
        },
      "type": "free"
    },
    {
      "localization_name": "ASimpleDrowned",
      "geometry": "geometry.humanoid.custom",
      "texture": "4.PNG",
      "animations": {
          "humanoid_base_pose": "animation.wither_skeleton.attack",
          "attack.positions": "animation.wither_skeleton.attack",
          "attack.rotations": "animation.wither_skeleton.attack"
        },
      "type": "free"
    },
    {
      "localization_name": "ASimplePiglin",
      "geometry": "geometry.humanoid.custom",
      "texture": "5.PNG",
      "animations": {
          "humanoid_base_pose": "animation.wither_skeleton.attack",
          "attack.positions": "animation.wither_skeleton.attack",
          "attack.rotations": "animation.wither_skeleton.attack"
        },
      "type": "free"
    },
    {
      "localization_name": "Strider1",
      "geometry": "geometry.humanoid.custom",
      "enable_attachables": false,
      "texture": "strider1.png",
      "animations": {
          "humanoid_base_pose": "animation.bat.resting",
          "cape": "animation.panda.baby_transform"
         },
      "type": "free"
    },
    {
      "localization_name": "strider2",
      "geometry": "geometry.humanoid.custom",
      "enable_attachables": false,
      "texture": "strider2.png",
      "animations": {
          "humanoid_base_pose": "animation.bat.resting",
          "cape": "animation.panda.baby_transform"
         },
      "type": "free"
    },
    {
      "localization_name": "coldstrider1",
      "geometry": "geometry.humanoid.custom",
      "enable_attachables": false,
      "texture": "coldstrider.png",
      "animations": {
          "humanoid_base_pose": "animation.bat.resting",
          "cape": "animation.panda.baby_transform"
         },
      "type": "free"
    },
    {
      "localization_name": "coldstrider2",
      "geometry": "geometry.humanoid.custom",
      "enable_attachables": false,
      "texture": "coldstrider2.png",
      "animations": {
          "humanoid_base_pose": "animation.bat.resting",
          "cape": "animation.panda.baby_transform"
         },
      "type": "free"
    },
    {
      "localization_name": "ghast1",
      "geometry": "geometry.humanoid.custom",
      "enable_attachables": false,
      "texture": "ghast1.png",
      "animations": {
          "humanoid_base_pose": "animation.panda.baby_transform",
          "cape": "animation.ghast.scale",
          "attack.positions": "animation.panda.baby_transform",
          "move.arms": "animation.panda.baby_transform",
          "move.arms": "animation.panda.baby_transform",
          "move.arms": "animation.panda.baby_transform"

         },
      "type": "free"
    },
    {
      "localization_name": "ghast2",
      "geometry": "geometry.humanoid.custom",
      "enable_attachables": false,
      "texture": "ghast2.png",
      "animations": {
          "humanoid_base_pose": "animation.panda.baby_transform",
          "cape": "animation.ghast.scale",
          "attack.positions": "animation.panda.baby_transform",
          "move.arms": "animation.panda.baby_transform",
          "move.arms": "animation.panda.baby_transform",
          "move.arms": "animation.panda.baby_transform"

         },
      "type": "free"
    },
    {
      "localization_name": "Magma",
      "geometry": "geometry.humanoid.custom",
      "enable_attachables": false,
      "texture": "9.png",
      "animations": {
          "humanoid_base_pose": "animation.wolf.setup",
          "attack.positions": "animation.panda.baby_transform",
          "attack.rotations": "animation.panda.baby_transform",
          "cape": "animation.armor_stand.no_pose"
        },
      "type": "free"
    },
    {
      "localization_name": "Magma1",
      "geometry": "geometry.humanoid.custom",
      "enable_attachables": false,
      "texture": "10.png",
      "animations": {
          "humanoid_base_pose": "animation.wolf.setup",
          "attack.positions": "animation.panda.baby_transform",
          "attack.rotations": "animation.panda.baby_transform",
          "cape": "animation.armor_stand.no_pose",
          "holding": "animation.panda.baby_transform"
        },
      "type": "free"
    },
    {
      "localization_name": "Magma2",
      "geometry": "geometry.humanoid.custom",
      "enable_attachables": false,
      "texture": "11.png",
      "animations": {
          "humanoid_base_pose": "animation.wolf.setup",
          "attack.positions": "animation.panda.baby_transform",
          "attack.rotations": "animation.panda.baby_transform",
          "cape": "animation.armor_stand.no_pose",
          "holding": "animation.panda.baby_transform",
          "move.arms": "animation.panda.baby_transform",
          "move.legs": "animation.panda.baby_transform"
        },
      "type": "free"
    },
    {
      "localization_name": "Slime",
      "geometry": "geometry.humanoid.custom",
      "enable_attachables": false,
      "texture": "12.png",
      "animations": {
          "humanoid_base_pose": "animation.wolf.setup",
          "attack.positions": "animation.panda.baby_transform",
          "attack.rotations": "animation.panda.baby_transform",
          "cape": "animation.armor_stand.no_pose"
        },
      "type": "free"
    },
    {
      "localization_name": "Slime1",
      "geometry": "geometry.humanoid.custom",
      "enable_attachables": false,
      "texture": "13.png",
      "animations": {
          "humanoid_base_pose": "animation.wolf.setup",
          "attack.positions": "animation.panda.baby_transform",
          "attack.rotations": "animation.panda.baby_transform",
          "cape": "animation.armor_stand.no_pose",
          "holding": "animation.panda.baby_transform"
        },
      "type": "free"
    },
    {
      "localization_name": "Slime2",
      "geometry": "geometry.humanoid.custom",
      "enable_attachables": false,
      "texture": "14.png",
      "animations": {
          "humanoid_base_pose": "animation.wolf.setup",
          "attack.positions": "animation.panda.baby_transform",
          "attack.rotations": "animation.panda.baby_transform",
          "cape": "animation.armor_stand.no_pose",
          "holding": "animation.panda.baby_transform",
          "move.arms": "animation.panda.baby_transform",
          "move.legs": "animation.panda.baby_transform"
        },
      "type": "free"
    },
    {
      "localization_name": "Shulker",
      "geometry": "geometry.humanoid.custom",
      "enable_attachables": false,
      "texture": "15.PNG",
      "animations": {
          "humanoid_base_pose": "animation.wolf.setup",
          "attack.positions": "animation.villager.baby_transform",
          "attack.rotations": "animation.villager.baby_transform",
          "cape": "animation.armor_stand.no_pose"
        },
      "type": "free"
    },
    {
      "localization_name": "Allay",
      "geometry": "geometry.humanoid.customSlim",
      "texture": "6.png",
      "animations": {
          "humanoid_base_pose": "animation.fireworks_rocket.move",
          "cape": "animation.armor_stand.default_pose",
          "sneaking": "animation.allay.fly"
         },
      "type": "free"
    },
    {
      "localization_name": "Bee1",
      "geometry": "geometry.humanoid.custom",
      "texture": "7.PNG",
      "animations": {
          "humanoid_base_pose": "animation.bat.resting",
          "cape": "animation.bee.fly.bobbing"
         },
      "type": "free"
    },
    {
      "localization_name": "Bee2",
      "geometry": "geometry.humanoid.custom",
      "texture": "8.png",
      "animations": {
          "humanoid_base_pose": "animation.bat.resting",
          "cape": "animation.bee.fly.bobbing"
         },
      "type": "free"
    },
    {
      "localization_name": "pfish",
      "geometry": "geometry.humanoid.custom",
      "texture": "pfish.png",
      "animations": {
          "humanoid_base_pose": "animation.panda.lying"
         },
      "type": "free"
    }
   ],
  "serialize_name": "animation skin",
  "localization_name": "animation skin"
}
