{
  "CTk": {
    "fg_color": [
      "#2a3342",
      "#0d162b"
    ]
  },
  "CTkToplevel": {
    "fg_color": [
      "#2a3342",
      "#0d162b"
    ]
  },
  "CTkFrame": {
    "corner_radius": 6,
    "border_width": 1,
    "fg_color": [
      "#323b50",
      "#1c253a"
    ],
    "top_fg_color": [
      "#2a3342",
      "#0d162b"
    ],
    "border_color": [
      "#586b78",
      "#586b78"
    ]
  },
  "CTkButton": {
    "corner_radius": 6,
    "border_width": 2,
    "fg_color": [
      "#542e91",
      "#4e288b"
    ],
    "hover_color": [
      "#63003d",
      "#63003d"
    ],
    "border_color": [
      "#6640a3",
      "#405366"
    ],
    "text_color": [
      "#ffffff",
      "#ffffff"
    ],
    "text_color_disabled": [
      "#a9b8c4",
      "#a9b8c4"
    ]
  },
  "CTkLabel": {
    "corner_radius": 0,
    "fg_color": "transparent",
    "text_color": [
      "#ffffff",
      "#ffffff"
    ],
    "text_color_disabled": [
      "#ffffff",
      "#ffffff"
    ]
  },
  "CTkEntry": {
    "corner_radius": 6,
    "border_width": 2,
    "fg_color": [
      "#a9b8c4",
      "#a9b8c4"
    ],
    "border_color": [
      "#0c6300",
      "#405366"
    ],
    "text_color": [
      "#2b3449",
      "#2b3449"
    ],
    "placeholder_text_color": [
      "#464e56",
      "#464e56"
    ]
  },
  "CTkSwitch": {
    "corner_radius": 1000,
    "border_width": 3,
    "button_length": 0,
    "progress_color": [
      "#2a6f1e",
      "#1b720f"
    ],
    "button_color": [
      "#6c46a9",
      "#4e288b"
    ],
    "fg_color": [
      "#714bae",
      "#623c9f"
    ],
    "button_hover_color": [
      "#63003d",
      "#63003d"
    ],
    "text_color": [
      "#ffffff",
      "#ffffff"
    ],
    "text_color_disabled": [
      "#a9b8c4",
      "#a9b8c4"
    ]
  },
  "CTkProgressBar": {
    "corner_radius": 1000,
    "border_width": 0,
    "fg_color": [
      "#714bae",
      "#623c9f"
    ],
    "progress_color": [
      "#2a6f1e",
      "#1b720f"
    ],
    "border_color": [
      "#000000",
      "#000000"
    ]
  },
  "CTkSlider": {
    "corner_radius": 1000,
    "button_corner_radius": 1000,
    "border_width": 6,
    "button_length": 0,
    "fg_color": [
      "#714bae",
      "#623c9f"
    ],
    "progress_color": [
      "#a9b8c4",
      "#1b720f"
    ],
    "button_color": [
      "#6c46a9",
      "#4e288b"
    ],
    "button_hover_color": [
      "#680542",
      "#680542"
    ]
  },
  "CTkOptionMenu": {
    "corner_radius": 6,
    "fg_color": [
      "#748498",
      "#748498"
    ],
    "button_color": [
      "#116805",
      "#116805"
    ],
    "button_hover_color": [
      "#63003d",
      "#63003d"
    ],
    "text_color": [
      "#172035",
      "#172035"
    ],
    "text_color_disabled": [
      "#353e53",
      "#353e53"
    ]
  },
  "CTkComboBox": {
    "corner_radius": 6,
    "border_width": 2,
    "fg_color": [
      "#a9b8c4",
      "#a9b8c4"
    ],
    "border_color": [
      "#405366",
      "#405366"
    ],
    "button_color": [
      "#6c46a9",
      "#6c46a9"
    ],
    "button_hover_color": [
      "#63003d",
      "#63003d"
    ],
    "text_color": [
      "#172035",
      "#172035"
    ],
    "text_color_disabled": [
      "#4e576c",
      "#4e576c"
    ]
  },
  "CTkScrollbar": {
    "corner_radius": 1000,
    "border_spacing": 4,
    "fg_color": "transparent",
    "button_color": [
      "#260063",
      "#4e288b"
    ],
    "button_hover_color": [
      "#63003d",
      "#63003d"
    ]
  },
  "CTkSegmentedButton": {
    "corner_radius": 6,
    "border_width": 2,
    "fg_color": [
      "#405366",
      "#405366"
    ],
    "selected_color": [
      "#4e288b",
      "#4e288b"
    ],
    "selected_hover_color": [
      "#63003d",
      "#63003d"
    ],
    "unselected_color": [
      "#260063",
      "#260063"
    ],
    "unselected_hover_color": [
      "#63003d",
      "#63003d"
    ],
    "text_color": [
      "#ffffff",
      "#ffffff"
    ],
    "text_color_disabled": [
      "#a9b8c4",
      "#a9b8c4"
    ]
  },
  "CTkTextbox": {
    "corner_radius": 6,
    "border_width": 2,
    "fg_color": [
      "#a9b8c4",
      "#a9b8c4"
    ],
    "border_color": [
      "#586b78",
      "#586b78"
    ],
    "text_color": [
      "#2b3449",
      "#2b3449"
    ],
    "scrollbar_button_color": [
      "#260063",
      "#4e288b"
    ],
    "scrollbar_button_hover_color": [
      "#63003d",
      "#63003d"
    ]
  },
  "CTkScrollableFrame": {
    "label_fg_color": [
      "#283146",
      "#283146"
    ]
  },
  "DropdownMenu": {
    "fg_color": [
      "#748498",
      "#748498"
    ],
    "hover_color": [
      "#d3dbe1",
      "#623c9f"
    ],
    "text_color": [
      "#000000",
      "#260063"
    ]
  },
  "CTkFont": {
    "macOS": {
      "family": "SF Display",
      "size": 13,
      "weight": "normal"
    },
    "Windows": {
      "family": "Roboto",
      "size": 13,
      "weight": "normal"
    },
    "Linux": {
      "family": "Roboto",
      "size": 13,
      "weight": "normal"
    }
  },
  "provenance": {
    "theme name": "Harlequin",
    "theme author": "clive",
    "date created": "Jun 02 2023 17:01:42",
    "last modified by": "Clive Bostock",
    "created with": "CTk Theme Builder v2.1.0",
    "last modified": "Aug 13 2023 13:50:25",
    "keystone colour": "#0C6300",
    "harmony method": "Split-complementary",
    "harmony differential": 8
  },
  "CTkCheckBox": {
    "corner_radius": 6,
    "border_width": 3,
    "fg_color": [
      "#0c6300",
      "#0c6300"
    ],
    "border_color": [
      "#0c6300",
      "#0c6300"
    ],
    "hover_color": [
      "#697b88",
      "#63003d"
    ],
    "checkmark_color": [
      "#ffffff",
      "#ffffff"
    ],
    "text_color": [
      "#ffffff",
      "#ffffff"
    ],
    "text_color_disabled": [
      "#a9b8c4",
      "#a9b8c4"
    ]
  },
  "CTkRadioButton": {
    "corner_radius": 1000,
    "border_width_checked": 6,
    "border_width_unchecked": 3,
    "fg_color": [
      "#1b720f",
      "#1b720f"
    ],
    "border_color": [
      "#116805",
      "#116805"
    ],
    "hover_color": [
      "#5c6b78",
      "#63003d"
    ],
    "text_color": [
      "#ffffff",
      "#ffffff"
    ],
    "text_color_disabled": [
      "#a9b8c4",
      "#a9b8c4"
    ]
  }
}