{
  "skins": [
    {
      "localization_name": "Creeper",
      "geometry": "geometry.creeper",
      "texture": "creeper.png",
      "type": "free"
    },
    {
      "localization_name": "Skeleton",
      "geometry": "geometry.Mobs.Skeleton",
      "texture": "Skeleton.png",
      "type": "free"
    },
    {
      "localization_name": "WitherSkeleton",
      "geometry": "geometry.Mobs.Skeleton",
      "texture": "Wither_Skeleton.png",
      "type": "free"
    },
    {
      "localization_name": "Stray",
      "geometry": "geometry.Mobs.Skeleton",
      "texture": "Stray.png",
      "type": "free"
    },
    {
      "localization_name": "ZombieVillager",
      "geometry": "geometry.Mobs.ZombieVillager",
      "texture": "ZombieVillager.png",
      "type": "free"
    },
    {
      "localization_name": "ZombiePriest",
      "geometry": "geometry.Mobs.ZombieVillager",
      "texture": "ZombiePriest.png",
      "type": "free"
    },
    {
      "localization_name": "ZombieLibrarian",
      "geometry": "geometry.Mobs.ZombieVillager",
      "texture": "ZombieLibrarian.png",
      "type": "free"
    },
    {
      "localization_name": "ZombieFarmer",
      "geometry": "geometry.Mobs.ZombieVillager",
      "texture": "ZombieFarmer.png",
      "type": "free"
    },
    {
      "localization_name": "ZombieButcher",
      "geometry": "geometry.Mobs.ZombieVillager",
      "texture": "ZombieButcher.png",
      "type": "free"
    },
    {
      "localization_name": "ZombieSmith",
      "geometry": "geometry.Mobs.ZombieVillager",
      "texture": "ZombieSmith.png",
      "type": "free"
    },
    {
      "localization_name": "Zombie",
      "geometry": "geometry.Mobs.Zombie",
      "texture": "Zombie.png",
      "type": "free"
    },
    {
      "localization_name": "Husk",
      "geometry": "geometry.Mobs.Zombie",
      "texture": "Husk.png",
      "type": "free"
    },
    {
      "localization_name": "ZombiePigMan",
      "geometry": "geometry.Mobs.Zombie",
      "texture": "ZombiePigMan.png",
      "type": "free"
    },
    {
      "localization_name": "herobrine",
      "geometry": "geometry.Mobs.Zombie",
      "texture": "herobrine.png",
      "type": "free"
    },
    {
      "localization_name": "Villager",
      "geometry": "geometry.Mobs.Villager",
      "texture": "Villager.png",
      "type": "free"
    },
    {
      "localization_name": "Librarian",
      "geometry": "geometry.Mobs.Villager",
      "texture": "Librarian.png",
      "type": "free"
    },
    {
      "localization_name": "Priest",
      "geometry": "geometry.Mobs.Villager",
      "texture": "Priest.png",
      "type": "free"
    },
    {
      "localization_name": "Farmer",
      "geometry": "geometry.Mobs.Villager",
      "texture": "Farmer.png",
      "type": "free"
    },
    {
      "localization_name": "Butcher",
      "geometry": "geometry.Mobs.Villager",
      "texture": "Butcher.png",
      "type": "free"
    },
    {
      "localization_name": "Smith",
      "geometry": "geometry.Mobs.Villager",
      "texture": "Smith.png",
      "type": "free"
     },
     {
      "localization_name": "Witch",
      "geometry": "geometry.Mobs.Witch",
      "texture": "Witch.png",
      "type": "free"
    },
    {
      "localization_name": "Vindecator",
      "geometry": "geometry.vindecator",
      "texture": "Vindecator.png",
      "type": "free"
    },
    {
      "localization_name": "Illusionist",
      "geometry": "geometry.vindecator",
      "texture": "illusionist.png",
      "type": "free"
    },
    {
      "localization_name": "evoker",
      "geometry": "geometry.vindecator",
      "texture": "evoker.png",
      "type": "free"
    },
    {
      "localization_name": "Enderman",
      "geometry": "geometry.Mobs.Enderman",
      "texture": "Enderman.png",
      "type": "free"
    },
    {
      "localization_name": "ED",
      "geometry": "geometry.Mobs.EnderDragon",
      "texture": "ed.png",
      "cape": "edcape.png",
      "type": "free"
    },
    {
      "localization_name": "Shulkeropen",
      "geometry": "geometry.Shulker",
      "texture": "Shulkeropen.png",
      "type": "free"
   },
   {
         "localization_name": "Shulkerclose",
      "geometry": "geometry.Mobs.Block",
      "texture": "Shulkerclose.png",
      "type": "free"
   },
    {
      "localization_name": "Slime",
      "geometry": "geometry.Mobs.Slime",
      "texture": "Slime.png",
      "type": "free"
    },
    {
      "localization_name": "MagmaCube",
      "geometry": "geometry.Mobs.Slime",
      "texture": "MagmaCube.png",
      "type": "free"
    },
    {
      "localization_name": "SnowGolem",
      "geometry": "geometry.snowgolem",
      "texture": "SnowGolem.png",
      "type": "free"
    },
    {
      "localization_name": "SnowGolem2",
      "geometry": "geometry.snowgolem2",
      "texture": "snowgolem2.png",
      "type": "free"
    },
    {
      "localization_name": "IronGolem",
      "geometry": "geometry.irongolem",
      "texture": "irongolem.png",
      "type": "free"
    },
    {
      "localization_name": "Wither",
      "geometry": "geometry.Mobs.Wither",
      "texture": "Wither.png",
      "type": "free"
    },
    {
      "localization_name": "AngryWither",
      "geometry": "geometry.Mobs.Wither",
      "texture": "AngryWither.png",
      "type": "free"
    },
    {
      "localization_name": "ArmorStand",
      "geometry": "geometry.armor",
      "texture": "Armor_stand.png",
      "type": "free"
    },
    {
      "localization_name": "ArmorStand2",
      "geometry": "geometry.armor2",
      "texture": "Armor_stand.png",
      "type": "free"
    },
    {
      "localization_name": "wolf",
      "geometry": "geometry.wolf",
      "texture": "wolf.png",
      "type": "free"
    },
    {
      "localization_name": "TamedWolf",
      "geometry": "geometry.wolf",
      "texture": "TamedWolf.png",
      "type": "free"
    },
    {
      "localization_name": "AngryWolf",
      "geometry": "geometry.wolf",
      "texture": "AngryWolf.png",
      "type": "free"
    },
    {
      "localization_name": "Ocelot",
      "geometry": "geometry.Ocelot",
      "texture": "Ocelot.png",
      "type": "free"
    },
    {
      "localization_name": "Siamese",
      "geometry": "geometry.Ocelot",
      "texture": "Siamese.png",
      "type": "free"
    },
    {
      "localization_name": "Red",
      "geometry": "geometry.Ocelot",
      "texture": "Red.png",
      "type": "free"
    },
    {
      "localization_name": "BlackCat",
      "geometry": "geometry.Ocelot",
      "texture": "BlackCat.png",
      "type": "free"
    },
    {
      "localization_name": "Cow",
      "geometry": "geometry.Cow",
      "texture": "Cow.png",
      "type": "free"
    },
    {
      "localization_name": "redcow",
      "geometry": "geometry.Cow",
      "texture": "mooshroom.png",
      "type": "free"
    },
    {
      "localization_name": "Chicken",
      "geometry": "geometry.chicken",
      "texture": "Chicken.png",
      "type": "free"
    },
    {
      "localization_name": "Pig",
      "geometry": "geometry.Pig",
      "texture": "Pig.png",
      "type": "free"
    },
    {
      "localization_name": "Chest",
      "geometry": "geometry.Chest",
      "texture": "Chest.png",
      "type": "free"
    },
    {
      "localization_name": "TrappedChest",
      "geometry": "geometry.Chest",
      "texture": "TrappedChest.png",
      "type": "free"
    },
    {
      "localization_name": "EnderChest",
      "geometry": "geometry.Chest",
      "texture": "EnderChest.png",
      "type": "free"
    },
    {
      "localization_name": "ChristmasChest",
      "geometry": "geometry.Chest",
      "texture": "ChristmasChest.png",
      "type": "free"
    },
    {
          "localization_name": "ghast",
      "geometry": "geometry.ghast",
      "texture": "ghast.png",
      "type": "free"
    },
    {
         "localization_name": "ghastshooting",
      "geometry": "geometry.ghast",
      "texture": "ghast_shooting.png",
      "type": "free" 
    },
    {
            "localization_name": "squid",
      "geometry": "geometry.squid",
      "texture": "squid.png",
      "type": "free"
    },
    {
       "localization_name": "agent",
      "geometry": "geometry.agent",
      "texture": "agent.png",
      "type": "free"
    },
    {
      "localization_name":  "dolphin",
 "geometry": "geometry.Mobs.dolphin",
   "texture": "dolphin.png",
   "type": "free"
      },
      {
   "localization_name": "drown",
      "geometry": "geometry.Mobs.drown",
      "texture": "drown.tga",
      "type": "free"
      },
      {
 "localization_name": "turtle1",
      "geometry": "geometry.Mobs.turtle",
      "texture": "turtle.png",
      "type": "free"
      }
  ],
  "serialize_name": "Mobs",
  "localization_name": "Mobs"
}