{
    "targets": [
        "water",
        "translucent",
        "itemEntity",
        "particles",
        "clouds",
        "weather",
        "aux",
        "aux2",
        "memory"
    ],
    "passes": [
        {   "name": "rst",
            "intarget": "memory",
            "outtarget": "aux2",
            "auxtargets": [
                {
                    "name": "ROM",
                    "id": "rom",
                    "width": 0,
                    "height": 0,
                    "bilinear": false
                },
                {
                    "name": "CONTROLLER",
                    "id": "minecraft:main"
                },
                {
                    "name": "PPU",
                    "id": "aux"
                },
                {
                    "name": "TAS",
                    "id": "tas",
                    "width": 0,
                    "height": 0,
                    "bilinear": false
                }
            ]
        },
        {   "name": "cpu",
            "intarget": "aux2",
            "outtarget": "memory",
            "auxtargets": [
                {
                    "name": "ROM",
                    "id": "rom",
                    "width": 0,
                    "height": 0,
                    "bilinear": false
                }
            ]
        },
        {   "name": "ppu",
            "intarget": "memory",
            "outtarget": "aux",
            "auxtargets": [
                {
                    "name": "ROM",
                    "id": "rom",
                    "width": 0,
                    "height": 0,
                    "bilinear": false
                },
                {
                    "name": "PALETTE",
                    "id": "pal",
                    "width": 0,
                    "height": 0,
                    "bilinear": false
                }
            ]
        },
        {   "name": "vertex",
            "intarget": "minecraft:main",
            "outtarget": "aux2",
            "auxtargets": [
                {
                    "name": "OverlaySampler",
                    "id": "aux"
                }
            ]
        },
        {   "name": "c",
            "intarget": "aux2",
            "outtarget": "minecraft:main"
        }
    ]
}