{
    "overrides": [
        {"predicate": {"custom_model_data": 0}, "model": "input/00"},
		{"predicate": {"custom_model_data": 1}, "model": "input/01"},
		{"predicate": {"custom_model_data": 2}, "model": "input/02"},
		{"predicate": {"custom_model_data": 3}, "model": "input/03"},
		{"predicate": {"custom_model_data": 4}, "model": "input/04"},
		{"predicate": {"custom_model_data": 5}, "model": "input/05"},
		{"predicate": {"custom_model_data": 6}, "model": "input/06"},
		{"predicate": {"custom_model_data": 7}, "model": "input/07"},
		{"predicate": {"custom_model_data": 8}, "model": "input/08"},
		{"predicate": {"custom_model_data": 9}, "model": "input/09"},
		{"predicate": {"custom_model_data": 10}, "model": "input/0a"},
		{"predicate": {"custom_model_data": 11}, "model": "input/0b"},
		{"predicate": {"custom_model_data": 12}, "model": "input/0c"},
		{"predicate": {"custom_model_data": 13}, "model": "input/0d"},
		{"predicate": {"custom_model_data": 14}, "model": "input/0e"},
		{"predicate": {"custom_model_data": 15}, "model": "input/0f"},
		{"predicate": {"custom_model_data": 16}, "model": "input/10"},
		{"predicate": {"custom_model_data": 17}, "model": "input/11"},
		{"predicate": {"custom_model_data": 18}, "model": "input/12"},
		{"predicate": {"custom_model_data": 19}, "model": "input/13"},
		{"predicate": {"custom_model_data": 20}, "model": "input/14"},
		{"predicate": {"custom_model_data": 21}, "model": "input/15"},
		{"predicate": {"custom_model_data": 22}, "model": "input/16"},
		{"predicate": {"custom_model_data": 23}, "model": "input/17"},
		{"predicate": {"custom_model_data": 24}, "model": "input/18"},
		{"predicate": {"custom_model_data": 25}, "model": "input/19"},
		{"predicate": {"custom_model_data": 26}, "model": "input/1a"},
		{"predicate": {"custom_model_data": 27}, "model": "input/1b"},
		{"predicate": {"custom_model_data": 28}, "model": "input/1c"},
		{"predicate": {"custom_model_data": 29}, "model": "input/1d"},
		{"predicate": {"custom_model_data": 30}, "model": "input/1e"},
		{"predicate": {"custom_model_data": 31}, "model": "input/1f"},
		{"predicate": {"custom_model_data": 32}, "model": "input/20"},
		{"predicate": {"custom_model_data": 33}, "model": "input/21"},
		{"predicate": {"custom_model_data": 34}, "model": "input/22"},
		{"predicate": {"custom_model_data": 35}, "model": "input/23"},
		{"predicate": {"custom_model_data": 36}, "model": "input/24"},
		{"predicate": {"custom_model_data": 37}, "model": "input/25"},
		{"predicate": {"custom_model_data": 38}, "model": "input/26"},
		{"predicate": {"custom_model_data": 39}, "model": "input/27"},
		{"predicate": {"custom_model_data": 40}, "model": "input/28"},
		{"predicate": {"custom_model_data": 41}, "model": "input/29"},
		{"predicate": {"custom_model_data": 42}, "model": "input/2a"},
		{"predicate": {"custom_model_data": 43}, "model": "input/2b"},
		{"predicate": {"custom_model_data": 44}, "model": "input/2c"},
		{"predicate": {"custom_model_data": 45}, "model": "input/2d"},
		{"predicate": {"custom_model_data": 46}, "model": "input/2e"},
		{"predicate": {"custom_model_data": 47}, "model": "input/2f"},
		{"predicate": {"custom_model_data": 48}, "model": "input/30"},
		{"predicate": {"custom_model_data": 49}, "model": "input/31"},
		{"predicate": {"custom_model_data": 50}, "model": "input/32"},
		{"predicate": {"custom_model_data": 51}, "model": "input/33"},
		{"predicate": {"custom_model_data": 52}, "model": "input/34"},
		{"predicate": {"custom_model_data": 53}, "model": "input/35"},
		{"predicate": {"custom_model_data": 54}, "model": "input/36"},
		{"predicate": {"custom_model_data": 55}, "model": "input/37"},
		{"predicate": {"custom_model_data": 56}, "model": "input/38"},
		{"predicate": {"custom_model_data": 57}, "model": "input/39"},
		{"predicate": {"custom_model_data": 58}, "model": "input/3a"},
		{"predicate": {"custom_model_data": 59}, "model": "input/3b"},
		{"predicate": {"custom_model_data": 60}, "model": "input/3c"},
		{"predicate": {"custom_model_data": 61}, "model": "input/3d"},
		{"predicate": {"custom_model_data": 62}, "model": "input/3e"},
		{"predicate": {"custom_model_data": 63}, "model": "input/3f"},
		{"predicate": {"custom_model_data": 64}, "model": "input/40"},
		{"predicate": {"custom_model_data": 65}, "model": "input/41"},
		{"predicate": {"custom_model_data": 66}, "model": "input/42"},
		{"predicate": {"custom_model_data": 67}, "model": "input/43"},
		{"predicate": {"custom_model_data": 68}, "model": "input/44"},
		{"predicate": {"custom_model_data": 69}, "model": "input/45"},
		{"predicate": {"custom_model_data": 70}, "model": "input/46"},
		{"predicate": {"custom_model_data": 71}, "model": "input/47"},
		{"predicate": {"custom_model_data": 72}, "model": "input/48"},
		{"predicate": {"custom_model_data": 73}, "model": "input/49"},
		{"predicate": {"custom_model_data": 74}, "model": "input/4a"},
		{"predicate": {"custom_model_data": 75}, "model": "input/4b"},
		{"predicate": {"custom_model_data": 76}, "model": "input/4c"},
		{"predicate": {"custom_model_data": 77}, "model": "input/4d"},
		{"predicate": {"custom_model_data": 78}, "model": "input/4e"},
		{"predicate": {"custom_model_data": 79}, "model": "input/4f"},
		{"predicate": {"custom_model_data": 80}, "model": "input/50"},
		{"predicate": {"custom_model_data": 81}, "model": "input/51"},
		{"predicate": {"custom_model_data": 82}, "model": "input/52"},
		{"predicate": {"custom_model_data": 83}, "model": "input/53"},
		{"predicate": {"custom_model_data": 84}, "model": "input/54"},
		{"predicate": {"custom_model_data": 85}, "model": "input/55"},
		{"predicate": {"custom_model_data": 86}, "model": "input/56"},
		{"predicate": {"custom_model_data": 87}, "model": "input/57"},
		{"predicate": {"custom_model_data": 88}, "model": "input/58"},
		{"predicate": {"custom_model_data": 89}, "model": "input/59"},
		{"predicate": {"custom_model_data": 90}, "model": "input/5a"},
		{"predicate": {"custom_model_data": 91}, "model": "input/5b"},
		{"predicate": {"custom_model_data": 92}, "model": "input/5c"},
		{"predicate": {"custom_model_data": 93}, "model": "input/5d"},
		{"predicate": {"custom_model_data": 94}, "model": "input/5e"},
		{"predicate": {"custom_model_data": 95}, "model": "input/5f"},
		{"predicate": {"custom_model_data": 96}, "model": "input/60"},
		{"predicate": {"custom_model_data": 97}, "model": "input/61"},
		{"predicate": {"custom_model_data": 98}, "model": "input/62"},
		{"predicate": {"custom_model_data": 99}, "model": "input/63"},
		{"predicate": {"custom_model_data": 100}, "model": "input/64"},
		{"predicate": {"custom_model_data": 101}, "model": "input/65"},
		{"predicate": {"custom_model_data": 102}, "model": "input/66"},
		{"predicate": {"custom_model_data": 103}, "model": "input/67"},
		{"predicate": {"custom_model_data": 104}, "model": "input/68"},
		{"predicate": {"custom_model_data": 105}, "model": "input/69"},
		{"predicate": {"custom_model_data": 106}, "model": "input/6a"},
		{"predicate": {"custom_model_data": 107}, "model": "input/6b"},
		{"predicate": {"custom_model_data": 108}, "model": "input/6c"},
		{"predicate": {"custom_model_data": 109}, "model": "input/6d"},
		{"predicate": {"custom_model_data": 110}, "model": "input/6e"},
		{"predicate": {"custom_model_data": 111}, "model": "input/6f"},
		{"predicate": {"custom_model_data": 112}, "model": "input/70"},
		{"predicate": {"custom_model_data": 113}, "model": "input/71"},
		{"predicate": {"custom_model_data": 114}, "model": "input/72"},
		{"predicate": {"custom_model_data": 115}, "model": "input/73"},
		{"predicate": {"custom_model_data": 116}, "model": "input/74"},
		{"predicate": {"custom_model_data": 117}, "model": "input/75"},
		{"predicate": {"custom_model_data": 118}, "model": "input/76"},
		{"predicate": {"custom_model_data": 119}, "model": "input/77"},
		{"predicate": {"custom_model_data": 120}, "model": "input/78"},
		{"predicate": {"custom_model_data": 121}, "model": "input/79"},
		{"predicate": {"custom_model_data": 122}, "model": "input/7a"},
		{"predicate": {"custom_model_data": 123}, "model": "input/7b"},
		{"predicate": {"custom_model_data": 124}, "model": "input/7c"},
		{"predicate": {"custom_model_data": 125}, "model": "input/7d"},
		{"predicate": {"custom_model_data": 126}, "model": "input/7e"},
		{"predicate": {"custom_model_data": 127}, "model": "input/7f"},
		{"predicate": {"custom_model_data": 128}, "model": "input/80"},
		{"predicate": {"custom_model_data": 129}, "model": "input/81"},
		{"predicate": {"custom_model_data": 130}, "model": "input/82"},
		{"predicate": {"custom_model_data": 131}, "model": "input/83"},
		{"predicate": {"custom_model_data": 132}, "model": "input/84"},
		{"predicate": {"custom_model_data": 133}, "model": "input/85"},
		{"predicate": {"custom_model_data": 134}, "model": "input/86"},
		{"predicate": {"custom_model_data": 135}, "model": "input/87"},
		{"predicate": {"custom_model_data": 136}, "model": "input/88"},
		{"predicate": {"custom_model_data": 137}, "model": "input/89"},
		{"predicate": {"custom_model_data": 138}, "model": "input/8a"},
		{"predicate": {"custom_model_data": 139}, "model": "input/8b"},
		{"predicate": {"custom_model_data": 140}, "model": "input/8c"},
		{"predicate": {"custom_model_data": 141}, "model": "input/8d"},
		{"predicate": {"custom_model_data": 142}, "model": "input/8e"},
		{"predicate": {"custom_model_data": 143}, "model": "input/8f"},
		{"predicate": {"custom_model_data": 144}, "model": "input/90"},
		{"predicate": {"custom_model_data": 145}, "model": "input/91"},
		{"predicate": {"custom_model_data": 146}, "model": "input/92"},
		{"predicate": {"custom_model_data": 147}, "model": "input/93"},
		{"predicate": {"custom_model_data": 148}, "model": "input/94"},
		{"predicate": {"custom_model_data": 149}, "model": "input/95"},
		{"predicate": {"custom_model_data": 150}, "model": "input/96"},
		{"predicate": {"custom_model_data": 151}, "model": "input/97"},
		{"predicate": {"custom_model_data": 152}, "model": "input/98"},
		{"predicate": {"custom_model_data": 153}, "model": "input/99"},
		{"predicate": {"custom_model_data": 154}, "model": "input/9a"},
		{"predicate": {"custom_model_data": 155}, "model": "input/9b"},
		{"predicate": {"custom_model_data": 156}, "model": "input/9c"},
		{"predicate": {"custom_model_data": 157}, "model": "input/9d"},
		{"predicate": {"custom_model_data": 158}, "model": "input/9e"},
		{"predicate": {"custom_model_data": 159}, "model": "input/9f"},
		{"predicate": {"custom_model_data": 160}, "model": "input/a0"},
		{"predicate": {"custom_model_data": 161}, "model": "input/a1"},
		{"predicate": {"custom_model_data": 162}, "model": "input/a2"},
		{"predicate": {"custom_model_data": 163}, "model": "input/a3"},
		{"predicate": {"custom_model_data": 164}, "model": "input/a4"},
		{"predicate": {"custom_model_data": 165}, "model": "input/a5"},
		{"predicate": {"custom_model_data": 166}, "model": "input/a6"},
		{"predicate": {"custom_model_data": 167}, "model": "input/a7"},
		{"predicate": {"custom_model_data": 168}, "model": "input/a8"},
		{"predicate": {"custom_model_data": 169}, "model": "input/a9"},
		{"predicate": {"custom_model_data": 170}, "model": "input/aa"},
		{"predicate": {"custom_model_data": 171}, "model": "input/ab"},
		{"predicate": {"custom_model_data": 172}, "model": "input/ac"},
		{"predicate": {"custom_model_data": 173}, "model": "input/ad"},
		{"predicate": {"custom_model_data": 174}, "model": "input/ae"},
		{"predicate": {"custom_model_data": 175}, "model": "input/af"},
		{"predicate": {"custom_model_data": 176}, "model": "input/b0"},
		{"predicate": {"custom_model_data": 177}, "model": "input/b1"},
		{"predicate": {"custom_model_data": 178}, "model": "input/b2"},
		{"predicate": {"custom_model_data": 179}, "model": "input/b3"},
		{"predicate": {"custom_model_data": 180}, "model": "input/b4"},
		{"predicate": {"custom_model_data": 181}, "model": "input/b5"},
		{"predicate": {"custom_model_data": 182}, "model": "input/b6"},
		{"predicate": {"custom_model_data": 183}, "model": "input/b7"},
		{"predicate": {"custom_model_data": 184}, "model": "input/b8"},
		{"predicate": {"custom_model_data": 185}, "model": "input/b9"},
		{"predicate": {"custom_model_data": 186}, "model": "input/ba"},
		{"predicate": {"custom_model_data": 187}, "model": "input/bb"},
		{"predicate": {"custom_model_data": 188}, "model": "input/bc"},
		{"predicate": {"custom_model_data": 189}, "model": "input/bd"},
		{"predicate": {"custom_model_data": 190}, "model": "input/be"},
		{"predicate": {"custom_model_data": 191}, "model": "input/bf"},
		{"predicate": {"custom_model_data": 192}, "model": "input/c0"},
		{"predicate": {"custom_model_data": 193}, "model": "input/c1"},
		{"predicate": {"custom_model_data": 194}, "model": "input/c2"},
		{"predicate": {"custom_model_data": 195}, "model": "input/c3"},
		{"predicate": {"custom_model_data": 196}, "model": "input/c4"},
		{"predicate": {"custom_model_data": 197}, "model": "input/c5"},
		{"predicate": {"custom_model_data": 198}, "model": "input/c6"},
		{"predicate": {"custom_model_data": 199}, "model": "input/c7"},
		{"predicate": {"custom_model_data": 200}, "model": "input/c8"},
		{"predicate": {"custom_model_data": 201}, "model": "input/c9"},
		{"predicate": {"custom_model_data": 202}, "model": "input/ca"},
		{"predicate": {"custom_model_data": 203}, "model": "input/cb"},
		{"predicate": {"custom_model_data": 204}, "model": "input/cc"},
		{"predicate": {"custom_model_data": 205}, "model": "input/cd"},
		{"predicate": {"custom_model_data": 206}, "model": "input/ce"},
		{"predicate": {"custom_model_data": 207}, "model": "input/cf"},
		{"predicate": {"custom_model_data": 208}, "model": "input/d0"},
		{"predicate": {"custom_model_data": 209}, "model": "input/d1"},
		{"predicate": {"custom_model_data": 210}, "model": "input/d2"},
		{"predicate": {"custom_model_data": 211}, "model": "input/d3"},
		{"predicate": {"custom_model_data": 212}, "model": "input/d4"},
		{"predicate": {"custom_model_data": 213}, "model": "input/d5"},
		{"predicate": {"custom_model_data": 214}, "model": "input/d6"},
		{"predicate": {"custom_model_data": 215}, "model": "input/d7"},
		{"predicate": {"custom_model_data": 216}, "model": "input/d8"},
		{"predicate": {"custom_model_data": 217}, "model": "input/d9"},
		{"predicate": {"custom_model_data": 218}, "model": "input/da"},
		{"predicate": {"custom_model_data": 219}, "model": "input/db"},
		{"predicate": {"custom_model_data": 220}, "model": "input/dc"},
		{"predicate": {"custom_model_data": 221}, "model": "input/dd"},
		{"predicate": {"custom_model_data": 222}, "model": "input/de"},
		{"predicate": {"custom_model_data": 223}, "model": "input/df"},
		{"predicate": {"custom_model_data": 224}, "model": "input/e0"},
		{"predicate": {"custom_model_data": 225}, "model": "input/e1"},
		{"predicate": {"custom_model_data": 226}, "model": "input/e2"},
		{"predicate": {"custom_model_data": 227}, "model": "input/e3"},
		{"predicate": {"custom_model_data": 228}, "model": "input/e4"},
		{"predicate": {"custom_model_data": 229}, "model": "input/e5"},
		{"predicate": {"custom_model_data": 230}, "model": "input/e6"},
		{"predicate": {"custom_model_data": 231}, "model": "input/e7"},
		{"predicate": {"custom_model_data": 232}, "model": "input/e8"},
		{"predicate": {"custom_model_data": 233}, "model": "input/e9"},
		{"predicate": {"custom_model_data": 234}, "model": "input/ea"},
		{"predicate": {"custom_model_data": 235}, "model": "input/eb"},
		{"predicate": {"custom_model_data": 236}, "model": "input/ec"},
		{"predicate": {"custom_model_data": 237}, "model": "input/ed"},
		{"predicate": {"custom_model_data": 238}, "model": "input/ee"},
		{"predicate": {"custom_model_data": 239}, "model": "input/ef"},
		{"predicate": {"custom_model_data": 240}, "model": "input/f0"},
		{"predicate": {"custom_model_data": 241}, "model": "input/f1"},
		{"predicate": {"custom_model_data": 242}, "model": "input/f2"},
		{"predicate": {"custom_model_data": 243}, "model": "input/f3"},
		{"predicate": {"custom_model_data": 244}, "model": "input/f4"},
		{"predicate": {"custom_model_data": 245}, "model": "input/f5"},
		{"predicate": {"custom_model_data": 246}, "model": "input/f6"},
		{"predicate": {"custom_model_data": 247}, "model": "input/f7"},
		{"predicate": {"custom_model_data": 248}, "model": "input/f8"},
		{"predicate": {"custom_model_data": 249}, "model": "input/f9"},
		{"predicate": {"custom_model_data": 250}, "model": "input/fa"},
		{"predicate": {"custom_model_data": 251}, "model": "input/fb"},
		{"predicate": {"custom_model_data": 252}, "model": "input/fc"},
		{"predicate": {"custom_model_data": 253}, "model": "input/fd"},
		{"predicate": {"custom_model_data": 254}, "model": "input/fe"},
		{"predicate": {"custom_model_data": 255}, "model": "input/ff"}
    ]
}