{
	"credit": "Made with Blockbench",
	"ambientocclusion": false,
	"texture_size": [1024, 768],
	"textures": {
		"0": "minecraft:item/rgb-compose-v2",
		"particle": "minecraft:item/rgb-compose-v2"
	},
	"elements": [
		{
			"from": [0, -16, 0],
			"to": [32, 32, 16],
			"rotation": {"angle": 0, "axis": "y", "origin": [0, 0, 16]},
			"faces": {
				"north": {"uv": [0, 0, 0.5, 0.66667], "texture": "#missing"},
				"east": {"uv": [0, 0, 0, 0.66667], "texture": "#missing"},
				"south": {"uv": [0, 0, 8, 16], "texture": "#0"},
				"west": {"uv": [0, 0, 0, 0.66667], "texture": "#missing"},
				"up": {"uv": [0, 0, 0.5, 0], "rotation": 180, "texture": "#missing"},
				"down": {"uv": [0, 0, 0.5, 0], "rotation": 180, "texture": "#missing"}
			}
		}
	]
}